"BROKEN","EPIC","FAILED","FEATURE","PASSED","SKIPPED","STORY","UNKNOWN"
"0","","0","Login Module","1","0","Logout Functionality","0"
"0","","0","Login Module","4","0","Parametrized Login Validation","0"
"0","","0","Login Module","3","0","DDT Login using Excel Data","0"
"0","","0","Buzz Module","1","0","Create Buzz Post","0"
"0","","0","Login Module","1","0","Empty Credential Validation","0"
"0","","0","Dashboard Module","1","0","Dashboard Visibility","0"
"0","","0","Login Module","1","0","Valid Login Scenario","0"
"0","","0","Login Module","1","0","Invalid Login Validation","0"
"0","","0","Dashboard Module","1","0","Dashboard Load Verification","0"
